city,grnd_level,humidity,pressure,sea_level,temp,temp_max,temp_min,deg,gust,speed,lat,lng
saint-paul-les-dax,,56,1021.0,,20.29,21.11,19.44,,,1.5,43.88727350555948,-1.1484658823014513
dunedin,,62,1010.0,,12.78,12.78,12.78,70.0,2.24,1.34,-53.399913875899685,176.49263902628388
bethel,,93,1026.0,,2.02,3.0,1.0,130.0,,3.6,51.928679438692285,-166.86011970324225
cayenne,,62,1012.0,,32.0,32.0,32.0,88.466,,4.18,17.208132749822937,-43.52692733613864
punta arenas,,93,991.0,,1.89,2.0,1.67,260.0,,12.9,-67.15270254735606,-109.46399521460913
esperance,,87,1029.0,,9.0,9.0,9.0,70.0,,3.6,-34.45433489298342,123.2227036938142
itoman,,74,1016.0,,23.88,26.0,22.0,20.0,,4.1,21.795501781807616,128.6378016763905
port alfred,,95,1013.0,,17.22,17.22,17.22,264.0,7.6,3.58,-87.74072297185383,41.78842715505314
jamestown,984.49,95,1021.62,1021.62,6.65,6.65,6.65,241.94,,4.44,-36.20411491825682,-11.789214508525987
graaff-reinet,936.57,29,1013.3,1013.3,22.45,22.45,22.45,218.712,,5.62,-32.262320152512544,24.008777855013932
cape town,,60,1016.0,,19.73,21.11,18.33,290.0,,7.7,-43.23805625866707,8.246862228760364
maceio,,55,1016.0,,30.0,30.0,30.0,70.0,,6.7,-13.777608945009788,-30.734950975842565
hithadhoo,1011.21,77,1011.38,1011.38,28.05,28.05,28.05,109.72,,6.78,-4.953105322887112,73.69580771710434
rikitea,1013.81,88,1013.76,1013.76,22.55,22.55,22.55,358.148,,6.72,-83.81126294169127,-129.05333475181646
port elizabeth,,60,1022.0,,24.02,26.11,21.67,,,3.1,-89.10848018690577,39.50901043296466
acapulco,,83,1010.0,,27.0,27.0,27.0,360.0,,2.1,9.388917951793871,-102.37344285706115
korsor,,56,1019.0,,8.1,8.89,7.0,320.0,,4.1,55.314808609767255,11.039203406223095
tigil,1004.03,82,1011.68,1011.68,-0.16,-0.16,-0.16,253.955,,6.47,58.97603306391164,156.19547374496386
kentau,959.66,36,1013.53,1013.53,18.95,18.95,18.95,7.327,,5.36,44.07388433973034,68.5174069455727
pasighat,927.61,92,1016.58,1016.58,20.75,20.75,20.75,358.932,,0.91,27.854716600777266,95.34868458812343
saldanha,956.75,20,1018.55,1018.55,26.85,26.85,26.85,270.676,,1.02,-36.77967519922015,4.814973916691031
karratha,1002.24,42,1012.81,1012.81,24.95,24.95,24.95,214.816,,3.88,-19.130613830089885,111.83276102835976
hasaki,,100,1017.0,,18.54,19.0,18.0,10.0,,4.6,26.33400326956628,156.08872645404153
vung tau,1010.0,83,1011.2,1011.2,26.95,26.95,26.95,93.18,,5.19,9.07947155389553,107.35088012975098
mataura,,70,1008.0,,13.33,13.33,13.33,318.0,6.26,4.02,-70.89467167075651,-154.41975955216805
garmsar,841.44,23,1014.7,1014.7,15.95,15.95,15.95,9.386,,1.74,34.982479351658,52.29858111970478
kodiak,,76,1026.0,,11.74,12.78,10.0,300.0,,1.5,52.04104881466964,-151.1559093214923
vaini,,88,1015.0,,23.0,23.0,23.0,270.0,,3.1,-28.41218312102327,-177.95083423554817
bilibino,925.68,95,1012.85,1012.85,-13.16,-13.16,-13.16,46.509,,1.91,66.71303402499098,166.42865128203493
santa cruz del sur,1006.59,82,1012.56,1012.56,28.75,28.75,28.75,157.622,,6.26,20.233642046846384,-78.33696687374687
qaanaaq,964.8,83,1002.77,1002.77,-6.76,-6.76,-6.76,88.466,,4.18,73.27614822771523,-77.56267780158751
barrow,1001.18,35,1012.34,1012.34,17.85,17.85,17.85,244.227,,7.79,79.9702337574804,-157.00482054336888
muisne,,88,1013.0,,25.0,25.0,25.0,180.0,,3.1,0.46179588705012975,-79.8095130685495
marsa matruh,1009.53,67,1009.8,1009.8,24.55,24.55,24.55,62.749,,5.27,32.18481938645306,27.85166379640657
jalu,1001.93,21,1008.86,1008.86,30.45,30.45,30.45,333.207,,2.48,23.4828064834075,22.224219117858695
maxixe,999.28,62,1010.62,1010.62,25.15,25.15,25.15,50.994,,5.9,-24.490880207920156,35.1446197596531
leshukonskoye,1004.57,92,1013.9,1013.9,0.85,0.85,0.85,56.415,,4.54,67.47381301332953,48.115751561148926
broken hill,,41,1018.0,,16.0,16.0,16.0,230.0,,8.2,-30.48938711628167,141.14795886158578
chokurdakh,1017.74,90,1019.13,1019.13,-10.66,-10.66,-10.66,100.699,,2.63,80.75940418416286,143.174495871577
chiredzi,959.66,12,1008.19,1008.19,34.65,34.65,34.65,129.197,,3.46,-21.577562913892393,31.89751756485174
katsuura,,65,1014.0,,23.96,25.0,23.33,190.0,,7.7,20.90529150095867,155.48057876051803
manadhoo,1011.33,72,1011.11,1011.11,28.05,28.05,28.05,260.766,,3.66,6.259300715745837,75.30090142879851
busselton,,44,1016.0,,13.3,15.0,11.67,99.397,,7.89,-52.220527177854045,80.93046089325355
lucapa,904.75,53,1005.41,1005.41,29.35,29.35,29.35,66.673,,2.05,-7.658000250447131,19.766897306576084
bredasdorp,,38,1012.0,,21.2,23.0,20.0,310.0,,7.7,-57.941761866550394,20.49613792392671
goure,,40,1006.0,,34.44,34.44,34.44,75.0,5.81,1.79,14.915252802966094,10.112007073257644
lompoc,,81,1016.0,,9.6,13.0,6.0,70.0,,2.1,23.98905937411878,-133.78650260097308
benxi,,26,1017.0,,14.0,14.0,14.0,350.0,14.0,7.0,40.94443037568743,123.55757468587171
kushiro,1007.93,88,1020.61,1020.61,11.35,11.35,11.35,124.822,,2.78,40.15253614389607,145.5288636488675
ribeira grande,,73,1023.0,,22.0,22.0,22.0,190.0,,3.1,31.83503119376475,-29.315164989937443
albany,,82,1020.0,,14.98,18.33,11.67,270.0,,4.6,-86.60240757092988,116.40917832950254
castro,,81,1022.0,,9.0,9.0,9.0,360.0,,3.1,-52.04295698813618,-103.43053896932534
tilichiki,982.37,86,995.19,995.19,-5.46,-5.46,-5.46,304.223,,3.04,58.25862530429623,168.4453585737201
atuona,1013.18,72,1013.05,1013.05,26.05,26.05,26.05,66.902,,4.87,-6.627733078953867,-117.26519461943141
tasiilaq,,58,997.0,,8.0,8.0,8.0,290.0,,1.0,69.83787975522122,-43.48854874087837
caravelas,1015.47,75,1016.67,1016.67,25.85,25.85,25.85,91.012,,4.98,-23.585637115685643,-26.720866831535346
lagoa,,64,1017.0,,23.93,24.44,23.0,200.0,,3.1,44.21612063220121,-30.090645604459866
lisala,963.53,64,1005.07,1005.07,27.85,27.85,27.85,261.218,,1.23,1.6159896704896255,21.95427867586639
vibo valentia,,93,1004.0,,18.71,20.56,17.0,90.0,,3.6,38.84121408721765,15.872639747802879
nikolsk,975.65,97,999.36,999.36,7.05,7.05,7.05,151.88,,2.93,59.14793376044946,45.299070838076005
ushuaia,,90,986.0,,0.55,1.0,0.0,230.0,,4.1,-66.18767541605081,-51.36684750677844
luganville,980.56,97,1010.63,1010.63,21.65,21.65,21.65,118.928,,1.01,-14.793255891852098,165.6824382317302
pevek,1012.45,73,1013.26,1013.26,-1.36,-1.36,-1.36,86.488,,5.09,87.63579162838676,173.99857962354093
yellowknife,,66,997.0,,0.0,0.0,0.0,360.0,13.4,8.2,69.37215040371706,-117.28514767563698
bambous virieux,,73,1021.0,,23.94,24.0,23.89,110.0,11.8,5.7,-37.33480936053189,80.40592970090233
mayo,,78,1016.0,,-8.0,-8.0,-8.0,,,1.5,65.02019117230424,-139.90015963721473
tessalit,955.23,7,1005.26,1005.26,40.45,40.45,40.45,18.158,,4.12,19.130543719390232,-0.3078815565300772
nikolskoye,,80,1011.0,,3.62,4.0,3.33,360.0,,2.0,46.01146578739943,169.77723446276025
farafangana,1010.19,80,1019.78,1019.78,20.75,20.75,20.75,73.978,,1.86,-24.194176332261122,51.66697528968987
moose factory,,76,1005.0,,10.0,10.0,10.0,240.0,11.3,7.2,52.15588654073915,-81.28727302326787
faanui,1013.65,85,1013.58,1013.58,24.95,24.95,24.95,131.039,,10.19,-9.719846662980785,-156.91422102011265
faya,,16,1023.0,,26.52,27.0,26.0,70.0,,7.2,23.119391221662482,20.243685010408626
saint george,,100,1009.0,,15.47,16.0,15.0,300.0,,3.1,31.917663361924568,-55.10943521828021
nioro,1004.19,40,1007.88,1007.88,34.75,34.75,34.75,286.309,,3.25,17.623164207065273,-8.621331259891406
ouadda,922.88,91,1006.97,1006.97,23.35,23.35,23.35,343.445,,2.52,8.142712109463218,22.27418401424299
los llanos de aridane,,61,1018.0,,23.61,25.0,22.22,40.0,,5.7,30.635683893531265,-24.51211045698483
moussoro,971.87,34,1005.07,1005.07,35.15,35.15,35.15,133.783,,3.16,14.845145959700403,17.039907419185255
lavrentiya,973.39,98,1013.4,1013.4,0.05,0.05,0.05,135.622,,6.84,71.05105742282652,-168.8081069406956
kapaa,,88,1012.0,,22.75,23.0,22.22,320.0,,4.6,34.91032558278398,-167.21161585616034
luena,856.72,35,1005.52,1005.52,28.05,28.05,28.05,81.27,,2.71,-12.749043852670297,19.383436889061386
husavik,,88,1016.0,,5.56,5.56,5.56,228.0,1.79,1.34,67.1748734044861,-17.15324990358846
hilo,,73,1012.0,,18.4,23.0,11.67,220.0,,2.1,13.357796439734656,-138.50931867071367
wajima,1012.8,94,1012.85,1012.85,18.35,18.35,18.35,119.291,,1.82,37.56235711085664,136.26920207936274
preston,,87,1007.0,,12.45,13.89,11.0,180.0,,5.1,42.303686489782905,-111.62488453548156
kavieng,1007.41,73,1007.94,1007.94,28.55,28.55,28.55,112.135,,2.36,9.622817653899773,151.68459218623013
hobart,,66,1008.0,,9.64,11.0,7.22,310.0,,3.6,-46.64853955649401,156.1763035123501
san cristobal,910.46,83,1012.39,1012.39,22.65,22.65,22.65,123.645,,0.7,-12.871239690292995,-90.98781542285063
provideniya,966.83,99,1005.44,1005.44,0.65,0.65,0.65,89.836,,4.18,46.17146189745361,-173.58031969145657
tiksi,1002.64,84,1014.66,1014.66,-4.26,-4.26,-4.26,94.434,,7.61,72.42868952117905,130.1432115029546
burnie,,90,1022.0,,8.06,8.89,7.22,227.0,1.34,0.89,-40.42449217469386,144.71803461905898
cabo san lucas,,69,1012.0,,25.12,27.78,23.0,339.184,,2.58,12.061992237706477,-120.5668931115631
pucallpa,,100,1015.0,,23.0,23.0,23.0,,,1.0,-9.573014731943104,-73.62496302399374
dickinson,,65,1017.0,,5.0,5.0,5.0,220.0,,2.1,47.33215696912728,-102.8143842500378
new norfolk,,66,1008.0,,9.64,11.0,7.22,310.0,,3.6,-89.59383455142114,123.84128396473722
nakhon phanom,993.41,76,1013.63,1013.63,23.95,23.95,23.95,144.259,,1.34,17.32252989943032,105.06497864419458
guerrero negro,1013.17,75,1013.36,1013.36,21.65,21.65,21.65,317.057,,3.84,23.034769519019562,-120.13106483597406
fuengirola,,78,1015.0,,26.76,28.89,24.0,110.0,,5.1,36.437682295175875,-4.6172272712371125
saint-philippe,,100,1019.0,,12.07,13.0,11.11,110.0,,1.5,-23.597130038331017,56.75610095399648
bluff,994.16,50,1014.39,1014.39,20.35,20.35,20.35,314.899,,2.0,-84.733941473585,165.76566150105532
nanortalik,997.02,76,1004.67,1004.67,5.05,5.05,5.05,113.491,,1.73,58.9099349610141,-44.50688858455217
chuy,1016.45,67,1018.01,1018.01,19.15,19.15,19.15,339.872,,4.7,-40.50099111851997,-45.25544928880771
seoul,,100,1017.0,,13.57,15.0,12.0,290.0,,1.5,36.44057120268964,129.00430412834697
dudinka,,90,1013.0,,0.0,0.0,0.0,270.0,,2.0,73.12312702083199,85.51549817360359
ponta do sol,906.88,46,1013.7,1013.7,28.55,28.55,28.55,38.35,,3.84,20.455975952797715,-42.359659270937215
ancud,,81,1022.0,,9.0,9.0,9.0,360.0,,3.1,-41.62924779534534,-94.43321658865372
hun,,81,1017.0,,12.81,14.44,12.0,220.0,,3.1,29.486377565134504,14.75523362056731
severo-kurilsk,1023.42,88,1023.49,1023.49,8.15,8.15,8.15,239.446,,7.45,33.11568945518688,163.74634870318778
hambantota,,100,1010.0,,23.0,23.0,23.0,30.0,,1.5,2.5834557125856463,82.72479560683757
khatanga,1016.56,93,1019.95,1019.95,-6.76,-6.76,-6.76,43.788,,4.31,68.13962253488467,102.05086884620971
cidreira,1017.58,64,1018.48,1018.48,21.95,21.95,21.95,55.377,,4.6,-44.855316156633265,-37.46623290059654
portland,,88,1018.0,,18.02,21.11,15.0,190.0,9.3,6.7,-53.74000191453391,133.0672763841942
asuncion,,57,1017.0,,25.0,25.0,25.0,130.0,,1.5,-24.79186997627366,-58.68401228407764
san patricio,1003.87,47,1017.01,1017.01,27.15,27.15,27.15,180.756,,1.29,2.655837301082812,-119.34382173145985
buala,998.86,83,1007.72,1007.72,26.35,26.35,26.35,139.085,,3.03,-0.9801638665599199,162.45777374836393
plettenberg bay,990.3,63,1013.84,1013.84,18.05,18.05,18.05,223.769,,2.34,-51.81720605656924,24.585792258227087
amga,972.99,74,1008.25,1008.25,-2.46,-2.46,-2.46,112.864,,0.74,61.65599701156867,131.5057153252531
hudiksvall,997.02,72,1015.4,1015.4,4.95,4.95,4.95,352.689,,0.92,62.041548773508765,16.571177265063824
dekar,878.32,7,1005.82,1005.82,34.75,34.75,34.75,98.336,,1.3,-21.87971342513262,22.10130591347729
saskylakh,1005.98,96,1016.19,1016.19,-9.06,-9.06,-9.06,343.067,,3.15,69.75903310399408,114.49855859225721
norman wells,,92,1010.0,,-1.0,-1.0,-1.0,280.0,12.3,7.7,82.96761114638704,-119.14950653607576
moyale,912.13,61,1009.15,1009.15,24.35,24.35,24.35,112.674,,3.34,3.702459504424482,38.82351124906651
yekimovichi,984.75,75,1012.65,1012.65,1.35,1.35,1.35,278.947,,2.65,53.882425901004126,33.1785317774243
vila velha,,66,1014.0,,29.52,30.0,29.0,110.0,,6.2,-26.749829154999418,-28.386368697981737
oussouye,,70,1010.0,,30.0,30.0,30.0,,,1.0,9.781783089845561,-20.316012731481464
beyneu,1013.01,25,1013.51,1013.51,21.75,21.75,21.75,115.895,,4.09,44.02529049311093,56.85181224673886
fortuna,,87,1017.0,,7.24,9.0,5.56,140.0,,3.6,39.84573517178555,-138.32919234313323
kamaishi,937.41,95,1016.76,1016.76,9.75,9.75,9.75,128.717,,1.26,35.291187058191085,150.1948215189742
sydney mines,,82,1023.0,,14.33,16.67,12.22,220.0,14.9,9.8,46.90874167819109,-60.39417274840227
san quintin,997.89,88,1012.81,1012.81,22.85,22.85,22.85,71.129,,2.2,22.867808897396287,-124.18961562601021
dabakala,971.61,75,1008.15,1008.15,27.85,27.85,27.85,257.586,,2.27,8.784752121859867,-4.501190384320353
salalah,,78,1011.0,,28.0,28.0,28.0,190.0,,4.1,20.566735798112802,53.628400947218125
raudeberg,,45,1013.0,,7.39,9.0,5.0,170.0,,8.2,65.08413941462703,3.311555121553397
airai,977.45,83,1012.62,1012.62,20.85,20.85,20.85,126.266,,1.84,14.520029510611849,134.9679117049377
hede,,65,1015.0,,7.75,9.0,6.67,,,0.5,34.71820946857639,121.88211413772996
samarai,996.48,92,1011.33,1011.33,22.25,22.25,22.25,155.605,,2.62,-11.973981201684936,150.00273289731217
jalpaiguri,,94,1011.0,,23.0,23.0,23.0,,,0.5,26.478259320945895,88.78939871623743
aksarka,1014.25,80,1020.92,1020.92,0.05,0.05,0.05,258.21,,2.88,65.15242217154741,67.7611224039295
nsanje,979.58,37,1008.63,1008.63,31.85,31.85,31.85,97.009,,4.82,-16.724534681950985,36.29165044821258
butaritari,1008.38,68,1008.36,1008.36,28.85,28.85,28.85,202.521,,1.61,5.933117919506955,179.35664395869816
taoudenni,986.56,6,1007.75,1007.75,39.65,39.65,39.65,306.374,,2.38,22.647735519798417,-2.1795091093921997
puerto ayora,,73,1014.0,,19.95,21.0,18.89,160.0,,8.2,-11.569354275013197,-109.82433633810734
inuvik,,92,1013.0,,-2.0,-2.0,-2.0,310.0,12.9,6.7,67.70285682032261,-132.65185675477468
oswego,,76,1026.0,,12.39,14.44,11.0,360.0,,1.5,43.83814836391582,-76.65423808478835
wajid,971.31,51,1008.75,1008.75,29.65,29.65,29.65,194.856,,4.75,3.9992583050596267,42.70430814248712
east london,,93,1012.0,,18.0,18.0,18.0,240.0,,8.7,-54.422485156593375,43.065355122955566
torbay,,71,1024.0,,12.75,14.44,11.11,250.0,13.4,7.7,36.144723630268956,-46.027077479990226
kurush,,27,1014.0,,25.0,25.0,25.0,320.0,,4.1,41.32154607267137,47.76569443863323
la ronge,,75,1001.0,,5.0,5.0,5.0,190.0,,3.1,62.565399392904965,-103.8539442274268
talaya,,47,1021.0,,12.54,14.0,11.67,322.889,,1.52,59.03526583751389,154.92430005904663
tari,979.1,35,1004.68,1004.68,35.55,35.55,35.55,34.906,,2.94,-5.58370619183539,142.31536182573228
erenhot,908.45,33,1029.22,1029.22,5.85,5.85,5.85,72.077,,1.66,43.69918916949263,109.41253498394053
liyang,,82,1023.0,,16.34,16.67,16.0,,,1.0,31.431536690545585,119.47848807780287
luba,997.89,88,1012.81,1012.81,22.85,22.85,22.85,71.129,,2.2,3.113300191565102,8.04569527062253
sao filipe,1011.97,85,1011.7,1011.7,26.15,26.15,26.15,38.427,,5.12,6.09247818200609,-28.868461537633692
wigston,,93,1010.0,,13.01,14.0,11.67,180.0,,4.6,52.453878658506255,-1.0241215180543861
meulaboh,1011.57,72,1012.28,1012.28,27.45,27.45,27.45,17.835,,1.9,1.3692133079747748,95.97316128298024
davila,1010.73,76,1013.15,1013.15,28.05,28.05,28.05,61.005,,9.93,19.97653438345823,118.16572780849935
chumikan,954.01,99,1008.88,1008.88,0.75,0.75,0.75,108.064,,0.93,56.92636228290738,134.257045742436
alofi,,73,1015.0,,22.0,22.0,22.0,100.0,,5.1,-29.009656010378713,-167.3799447472337
ishigaki,1016.45,77,1016.77,1016.77,26.45,26.45,26.45,47.362,,6.37,26.166511933616192,123.86538508733264
avarua,,64,1018.0,,20.0,20.0,20.0,130.0,,3.1,-29.567599094495208,-166.13280751925046
kaitangata,,48,1005.0,,12.78,12.78,12.78,315.0,4.47,2.68,-74.03646650458921,177.31176990121844
nizwa,906.3,57,1012.96,1012.96,24.75,24.75,24.75,185.167,,0.19,20.42748027135754,56.62548901282557
bombay,,93,1018.0,,12.1,13.33,11.0,180.0,,4.1,-37.244541642643405,175.074180165295
fare,1013.77,85,1013.94,1013.94,24.65,24.65,24.65,130.867,,9.76,-15.859291009908631,-150.11205049891066
tiznit,1013.85,77,1014.02,1014.02,21.35,21.35,21.35,251.336,,3.71,24.822387783975515,-9.02879839471774
mar del plata,970.05,30,1003.55,1003.55,11.95,11.95,11.95,268.103,,11.72,-51.67345054662134,-46.24580580732396
klaksvik,,100,988.0,,10.0,10.0,10.0,180.0,,9.8,63.653650119371974,-4.407381204937877
gualeguay,1013.81,53,1016.49,1016.49,23.05,23.05,23.05,308.644,,4.5,-33.1088052114135,-58.9269592398214
hualmay,1014.69,88,1015.46,1015.46,15.95,15.95,15.95,169.402,,5.89,-14.540113846153062,-82.7864143055883
kruisfontein,983.39,62,1014.12,1014.12,17.65,17.65,17.65,241.687,,8.2,-65.1963656665377,25.99038403235477
coihaique,,61,1012.0,,8.0,9.0,7.0,,8.7,3.6,-49.29115403904665,-74.44076925714589
herne bay,,76,1013.0,,14.59,15.56,13.33,200.0,,5.7,51.49614463750771,1.0936792414137528
xuanzhou,1019.81,79,1021.78,1021.78,15.65,15.65,15.65,329.946,,1.63,30.408406706437617,118.4190121801389
kununurra,,61,1011.0,,26.0,26.0,26.0,10.0,,3.6,-16.57220247143161,126.85492218727501
omboue,1008.16,84,1008.45,1008.45,25.85,25.85,25.85,192.002,,9.7,-7.112273475974021,1.674273436207585
grand gaube,,73,1021.0,,23.95,24.0,23.89,110.0,11.8,5.7,-19.79917167539635,57.99359639503626
northam,,32,1021.0,,20.0,20.0,20.0,50.0,,4.6,-30.32992410611532,119.65250228732896
yar-sale,1015.95,76,1019.19,1019.19,0.25,0.25,0.25,272.629,,4.62,71.18421075868591,73.60680535641754
shingu,941.98,97,1014.94,1014.94,16.05,16.05,16.05,103.185,,2.14,28.790402767192518,138.44970354862227
zhicheng,991.82,52,1023.11,1023.11,17.35,17.35,17.35,302.766,,1.69,30.857255653340204,119.64948855902702
gornyye klyuchi,1000.51,80,1008.75,1008.75,10.55,10.55,10.55,174.044,,5.62,45.36069119638711,133.5198074671166
ust-maya,981.89,95,1009.26,1009.26,-1.86,-1.86,-1.86,112.395,,3.12,59.760474574586766,134.56946778844264
novikovo,991.84,71,1015.58,1015.58,2.75,2.75,2.75,261.567,,2.65,47.462156819321024,145.3109362770029
boulder city,,13,1019.0,,16.09,19.44,13.0,330.0,,4.6,35.672115351486084,-114.54187380597847
auki,952.61,54,1006.02,1006.02,30.15,30.15,30.15,42.04,,1.77,-5.188590797703796,164.41997326061426
hermanus,,75,1010.0,,20.06,20.56,19.44,139.0,9.39,3.58,-87.18217665228177,-8.484787030031782
lipari,,68,1003.0,,19.56,20.56,18.33,40.0,,2.1,38.55055093305205,15.095131267140658
sinnamary,1010.65,76,1010.97,1010.97,28.25,28.25,28.25,96.175,,7.33,12.667495239483117,-48.475703113868036
warrnambool,,95,1021.0,,8.08,8.33,7.78,13.0,7.15,2.68,-41.131567098763625,142.22125782714153
tuktoyaktuk,,80,1011.0,,-1.0,-1.0,-1.0,300.0,,11.8,84.44478471773604,-140.0103741922119
smirnykh,949.74,97,1014.27,1014.27,2.35,2.35,2.35,185.933,,2.1,49.95193656402057,143.0463918612993
ferrandina,,88,1006.0,,18.19,20.0,16.67,310.0,,3.6,40.44004679127528,16.4489849920661
ilulissat,,80,1005.0,,-1.0,-1.0,-1.0,,,1.0,72.77830565862828,-43.342664795859065
noumea,,93,1016.0,,19.82,22.78,17.0,118.664,,6.02,-30.49079958875501,163.58979125743616
north bend,,100,1021.0,,6.89,9.44,5.56,140.0,,2.6,43.0963083825429,-131.3563376341607
puerto suarez,,78,1019.0,,22.49,23.0,22.0,180.0,,2.1,-19.88053886699025,-58.75541470867094
victoria,,94,1011.0,,25.28,26.0,24.0,,,1.0,-4.20569210582876,51.407702291418275
belmonte,,28,1019.0,,26.75,28.89,25.56,273.0,4.02,1.79,-15.662317133808557,-37.0819663198825
santiago,978.81,96,1013.39,1013.39,21.45,21.45,21.45,196.78,,0.41,-14.423527465576797,-75.79085846362287
havelock,,88,1021.0,,25.03,27.22,23.0,180.0,,3.6,32.89191509711364,-72.10086964369634
isangel,1012.94,86,1012.96,1012.96,23.35,23.35,23.35,145.545,,7.75,-20.821737014639154,170.82565212052884
boguchany,986.96,93,1015.32,1015.32,7.95,7.95,7.95,294.041,,2.98,58.20179596817189,97.38971663542901
ullapool,,70,995.0,,14.11,15.56,12.78,158.0,12.07,4.47,58.90177078464174,-5.217572285277328
sitka,935.87,44,1027.43,1027.43,13.55,13.55,13.55,243.072,,4.17,55.00592889546567,-141.20609612674383
nemuro,1022.46,73,1022.12,1022.12,13.55,13.55,13.55,159.908,,7.23,40.54441349919688,146.10577714055148
atar,990.94,5,1008.14,1008.14,40.95,40.95,40.95,40.879,,9.14,21.094798147141475,-13.57370383106354
praia da vitoria,,100,1023.0,,19.0,19.0,19.0,21.048,,7.19,43.841946066223954,-23.75444043141087
arraial do cabo,,74,1017.0,,27.0,27.0,27.0,80.0,,5.7,-35.23909329273604,-31.308193740483688
tuatapere,,70,1008.0,,13.33,13.33,13.33,318.0,6.26,4.02,-54.99919561018159,160.43166166313915
two hills,925.29,62,999.62,999.62,5.95,5.95,5.95,200.497,,3.19,53.67494450771548,-111.83265268664248
jefferson city,,93,1026.0,,12.76,16.11,10.0,8.877,,1.83,38.36811924378398,-92.58599944269608
mayumba,1008.46,90,1008.19,1008.19,24.25,24.25,24.25,203.014,,1.83,-7.2331155480115825,5.61919816393538
zboriv,985.89,60,1018.97,1018.97,5.15,5.15,5.15,297.712,,2.39,49.65849328557957,25.11785297085953
mount isa,,23,1016.0,,17.0,17.0,17.0,60.148,,3.44,-25.59640647928032,141.14934414004233
lebu,769.44,80,1012.22,1012.22,15.05,15.05,15.05,95.705,,2.9,-29.16580943280436,-88.7982289860207
okakarara,839.85,12,1005.6,1005.6,32.25,32.25,32.25,303.733,,0.74,-20.40676792220519,17.249902237827342
kaeo,,100,1022.0,,12.48,13.33,11.67,205.154,,0.98,-28.45047348501531,175.29628003696388
meadow lake,,60,1001.0,,5.0,5.0,5.0,210.0,,2.1,54.46525047807668,-109.0951099857101
tianpeng,1019.18,62,1022.79,1022.79,18.55,18.55,18.55,316.542,,2.5,31.780834493246445,103.61584170798955
ixtapa,,94,1010.0,,27.38,28.89,26.0,40.0,,2.1,0.5200339644025576,-111.0331074677512
luwingu,870.62,27,1005.37,1005.37,29.55,29.55,29.55,201.87,,1.39,-9.864811067550534,30.09650326693088
petropavlovsk-kamchatskiy,,64,1019.0,,3.0,3.0,3.0,,,1.0,51.60090610360473,162.71892231927575
talnakh,,95,1013.0,,0.0,0.0,0.0,270.0,,2.0,74.17415717655282,90.06339348330158
broome,,76,1013.0,,13.93,15.0,12.78,180.0,,3.6,-16.70292645634558,123.99760977594593
denham springs,,78,1017.0,,26.56,28.89,24.0,40.0,,2.1,30.477555739774516,-90.85070252968217
porto novo,,73,1018.0,,22.0,22.0,22.0,30.0,,1.5,13.9205140886354,-38.14713057366299
klyuchi,1005.57,59,1021.18,1021.18,15.15,15.15,15.15,54.007,,3.93,56.493336370643476,161.67637623227046
esso,896.49,93,1017.13,1017.13,-7.76,-7.76,-7.76,255.884,,6.1,55.48526720701389,158.89400437483818
leningradskiy,1010.01,80,1014.03,1014.03,-2.66,-2.66,-2.66,136.309,,6.35,70.7562476072261,179.0627892341917
wattegama,976.99,94,1011.27,1011.27,22.75,22.75,22.75,186.138,,1.09,4.116322421021309,85.76303998634523
manawar,964.88,77,1012.84,1012.84,25.05,25.05,25.05,19.493,,2.35,22.170514777166204,75.1666792180551
hobyo,1001.21,69,1008.62,1008.62,27.95,27.95,27.95,180.143,,6.79,4.336565507333432,51.54513425010657
thompson,,92,1007.0,,-2.0,-2.0,-2.0,,,1.0,54.67211939630178,-98.57773520177965
flin flon,,75,1004.0,,6.0,6.0,6.0,170.0,,4.6,58.32131360743779,-102.37134642084524
coquimbo,,72,1016.0,,25.43,31.67,16.0,270.0,,4.1,-27.559513529156746,-84.67285547266694
huarmey,1014.32,89,1015.18,1015.18,15.95,15.95,15.95,168.286,,6.32,-14.95672319326026,-89.62474682212031
longyearbyen,,75,1017.0,,5.0,5.0,5.0,220.0,,4.6,82.82984674639377,20.617016686772928
praia,,51,1020.0,,27.96,29.0,27.0,100.0,,5.1,11.544283074261799,-23.02443292958361
katangli,1005.39,77,1012.09,1012.09,7.55,7.55,7.55,222.958,,7.36,52.6226300255839,145.1221165761279
cherskiy,1012.35,89,1013.48,1013.48,-7.76,-7.76,-7.76,26.881,,4.39,73.60386181689049,161.32978138283636
mount gambier,,93,1015.0,,7.0,7.0,7.0,270.0,,3.1,-38.68135239559829,138.64760678585736
narsaq,,36,1005.0,,9.0,9.0,9.0,30.0,,5.1,85.00175497094895,-65.18689951532814
la rioja,872.57,30,1011.39,1011.39,21.75,21.75,21.75,106.068,,3.21,-28.22023469606365,-67.74887765746293
coracao de maria,990.77,68,1015.98,1015.98,26.85,26.85,26.85,76.996,,3.16,-12.369336106935563,-38.69440519364696
iqaluit,,93,995.0,,1.83,2.0,1.67,150.0,,3.1,58.99091949506982,-66.7606219691463
ketchikan,,93,1006.0,,7.04,8.0,6.0,303.079,,5.15,54.65708276299151,-133.6309191325227
paamiut,1003.5,73,1003.62,1003.62,3.55,3.55,3.55,185.625,,1.19,57.002858259138975,-50.249619254039544
westport,,73,1021.0,,21.59,23.89,19.44,200.0,,7.7,-38.079763828846595,165.3915414332368
campoverde,,81,1030.0,,12.4,15.0,11.0,160.0,,2.6,-9.434312213211214,-74.42316837493334
georgetown,,79,1012.0,,30.54,31.0,30.0,50.0,,4.1,-0.5648975736204278,-22.39561198833283
ulagan,820.62,65,1022.7,1022.7,2.75,2.75,2.75,221.886,,0.92,51.38290964081088,88.9242212196661
souillac,,63,1021.0,,17.0,18.89,15.0,,,1.0,-54.75459031382467,76.16891006296208
souris,,100,1020.0,,15.38,16.11,15.0,210.0,8.7,6.2,46.09587846559964,-62.14691546822765
sur,995.36,64,1013.14,1013.14,27.75,27.75,27.75,150.21,,4.6,23.310205305479272,59.88783018340487
bathsheba,,66,1013.0,,31.0,31.0,31.0,120.0,,11.8,15.651043227678713,-51.284226469408
lima,,87,1015.0,,16.0,16.0,16.0,200.0,,2.1,-19.500093033459294,-89.97712040060641
sola,870.24,19,1004.79,1004.79,31.15,31.15,31.15,133.13,,4.22,-13.731917646689368,165.6183456201598
verkhnyaya inta,1012.37,87,1020.88,1020.88,-0.16,-0.16,-0.16,75.023,,3.92,66.79700237932127,61.51093932556026
arcachon,,60,1021.0,,20.05,21.11,19.0,220.0,,3.6,45.048197880542546,-1.94510521679166
odesskoye,1009.77,55,1022.98,1022.98,13.45,13.45,13.45,73.627,,2.17,53.648094580091055,72.59050144983942
anadyr,,100,994.0,,2.89,3.0,2.78,110.0,9.0,7.0,66.22295573178693,179.02557169875797
sioux lookout,,81,1013.0,,5.41,6.0,5.0,280.0,7.7,4.6,53.78332299508398,-90.94035656852567
namatanai,986.0,84,1008.43,1008.43,26.15,26.15,26.15,145.091,,4.86,6.287585726466091,158.108305288606
brae,,87,999.0,,11.0,11.0,11.0,170.0,19.5,13.4,64.18722287000253,-0.4862083931843699
beidao,839.63,81,1024.74,1024.74,8.25,8.25,8.25,73.929,,1.13,34.75097194546683,105.48247359286086
grobina,,81,1014.0,,8.0,8.0,8.0,320.568,,5.07,56.56495273800459,21.181021407377955
kijang,,93,1014.0,,17.0,17.0,17.0,300.0,,3.6,2.8534619613204057,106.63150159267371
penzance,,100,1012.0,,15.89,16.67,15.0,250.0,,4.1,48.53058003881799,-8.167781642929896
anshun,842.96,90,1020.34,1020.34,15.55,15.55,15.55,114.256,,1.19,26.17737152659781,106.26726271703836
soyo,,74,1010.0,,28.0,28.0,28.0,350.0,,4.1,-7.440694024253332,10.512555752259061
vestmannaeyjar,,93,972.0,,11.0,11.0,11.0,60.0,13.4,8.2,54.77425538736867,-21.947596838422328
muravlenko,1008.62,77,1022.25,1022.25,1.35,1.35,1.35,298.224,,3.2,64.0205047546628,73.78068020553292
ferrol,,60,1021.0,,21.23,23.0,19.44,30.0,,1.5,44.950068929973526,-9.3540800183859
nabire,958.43,97,1010.29,1010.29,21.15,21.15,21.15,213.385,,1.3,-3.32216615196117,133.84517601438745
watsa,904.21,94,1006.04,1006.04,21.85,21.85,21.85,69.172,,1.16,3.92828873339856,29.377230309264178
itatinga,933.71,57,1014.37,1014.37,26.05,26.05,26.05,99.34,,4.24,-23.18724626012572,-48.38617315277193
goderich,,85,1019.0,,13.68,14.44,12.78,262.0,6.26,4.47,2.5693348852344826,-21.341651178786776
blythe,,18,1014.0,,15.0,15.0,15.0,60.0,,2.6,33.769346437893915,-114.55470495796243
roblin,939.28,75,1009.51,1009.51,6.35,6.35,6.35,210.039,,4.03,51.62867597347608,-101.12712342810181
leonidovo,935.85,98,1014.84,1014.84,2.55,2.55,2.55,195.314,,1.96,49.30908355668004,142.80878917160095
sebinkarahisar,812.35,60,1012.28,1012.28,10.95,10.95,10.95,177.609,,1.99,39.90428202762624,38.707950163871715
mikumi,915.07,45,1010.34,1010.34,27.05,27.05,27.05,91.407,,3.58,-7.316669306669851,36.676580532906655
beloha,992.27,37,1014.47,1014.47,28.15,28.15,28.15,118.588,,6.24,-33.98286401892609,40.91336210300531
qaqortoq,,36,1005.0,,9.0,9.0,9.0,30.0,,5.1,65.0037990930957,-42.993123555257625
upernavik,1005.76,90,1005.65,1005.65,-1.16,-1.16,-1.16,138.671,,5.58,84.26033108953277,-56.187236828268425
sidrolandia,,94,1017.0,,20.0,20.0,20.0,140.0,,4.1,-20.905810183474912,-55.26092549315781
margherita,995.85,92,1014.67,1014.67,23.75,23.75,23.75,136.675,,0.12,26.948551931104205,96.37260449879096
kampong chhnang,1009.69,76,1011.3,1011.3,27.75,27.75,27.75,23.96,,2.42,12.479482241961975,104.67499302658712
bikaner,988.0,28,1013.25,1013.25,30.85,30.85,30.85,339.58,,4.92,27.910092961606836,72.87344911694845
valparaiso,,59,1022.0,,14.23,16.11,12.78,310.0,,2.6,-33.170304620998486,-74.30248672429035
port blair,1010.06,73,1010.4,1010.4,28.45,28.45,28.45,108.298,,2.51,15.213850413852782,88.87436395359299
saint-pierre,,87,1019.0,,13.82,15.0,12.78,230.0,,3.1,-25.842982108471176,53.27601330796719
goma,797.36,79,1007.9,1007.9,18.55,18.55,18.55,114.256,,1.19,-0.7392153547796596,27.885880047180166
trzebiatow,,75,1018.0,,8.95,10.56,7.22,280.0,,2.6,54.26988721767563,15.35456442836903
talara,,290,1014.0,,17.0,17.0,17.0,190.0,,7.7,-4.512932065230203,-82.39540347334551
hegang,963.68,73,1003.68,1003.68,8.35,8.35,8.35,257.019,,2.17,48.0194572985387,130.33463173113512
antsohihy,1009.34,70,1013.28,1013.28,27.65,27.65,27.65,318.076,,2.57,-14.21494857973903,47.7739278210301
fenoarivo,,68,1023.0,,19.0,19.0,19.0,110.0,,7.7,-17.544868934515208,45.66285460475825
vao,1005.23,83,1012.39,1012.39,4.45,4.45,4.45,355.063,,2.52,-23.684090120237855,167.3590559801998
dikson,1021.07,82,1021.81,1021.81,-4.96,-4.96,-4.96,89.054,,6.78,89.87383633281428,72.93502804297131
ormara,998.53,59,1013.39,1013.39,28.15,28.15,28.15,188.886,,1.41,20.098819022154146,64.19742082335483
dryden,,86,1014.0,,5.0,5.0,5.0,270.0,,5.7,49.706674837765064,-92.32834210904264
alamos,1001.37,21,1015.0,1015.0,20.35,20.35,20.35,230.253,,7.18,26.90508228789983,-108.86772610841038
skopelos,,82,1009.0,,18.5,19.0,18.0,71.692,,6.72,38.89987956052434,23.74843639382061
redlands,,26,1016.0,,15.6,22.78,9.0,80.0,,2.1,39.265254603942736,-108.68006642180357
tomatlan,1006.03,86,1011.07,1011.07,26.85,26.85,26.85,83.576,,1.9,17.347487182228107,-109.08761100716828
fort frances,,86,1017.0,,4.59,5.0,3.89,270.0,,3.6,48.457535787908455,-94.44336080839433
ous,1004.01,93,1018.07,1018.07,6.95,6.95,6.95,132.963,,1.89,60.765877370412596,61.09136625231753
borba,1005.34,33,1009.7,1009.7,37.35,37.35,37.35,126.04,,1.34,-4.41312716356849,-60.01256120426332
avera,,69,1019.0,,23.95,26.0,22.78,100.0,,4.1,-21.11176155065455,-153.3216042235917
keuruu,,93,1012.0,,4.09,5.0,3.0,280.0,,2.6,61.74222856192088,24.565152212238303
beitbridge,926.89,11,1007.87,1007.87,33.45,33.45,33.45,63.141,,3.57,-22.204163462521677,30.058310274302755
ayan,761.69,28,1014.01,1014.01,12.85,12.85,12.85,237.969,,4.5,56.66826494671011,138.77663114203824
whitehorse,,73,1012.0,,-3.97,-3.0,-5.57,310.0,,7.2,59.989725879959536,-135.1679338906565
gharghoda,981.34,81,1011.3,1011.3,24.75,24.75,24.75,41.476,,1.48,22.28168534766155,83.26524865217493
jumla,727.53,87,1020.74,1020.74,8.25,8.25,8.25,128.192,,1.76,30.835655356597584,84.15858078741252
cap-aux-meules,,87,1019.0,,14.0,14.0,14.0,220.0,10.8,6.2,48.99930502631926,-61.124331494310084
sangar,999.79,72,1007.07,1007.07,-1.56,-1.56,-1.56,116.532,,5.35,66.29366452653909,126.80341120146869
kavaratti,1011.26,73,1011.0,1011.0,28.45,28.45,28.45,334.151,,2.79,9.204894509800695,74.03401398005383
geraldton,,100,1010.0,,6.0,6.0,6.0,260.0,,3.6,-31.850049907490764,103.94241686025651
kahului,,68,1012.0,,20.99,22.0,19.0,144.693,,1.7,22.24586066888699,-154.77028877002132
carballo,,60,1021.0,,20.95,23.0,18.89,30.0,,1.5,46.13667219877422,-10.637768517144536
katherine,,35,1012.0,,23.0,23.0,23.0,44.13,,6.01,-16.010360676661946,131.28124702830019
sehithwa,903.57,6,1006.08,1006.08,36.55,36.55,36.55,131.797,,3.73,-20.698213315016332,23.20061251458236
grindavik,,76,975.0,,11.75,13.0,10.0,30.0,,10.8,60.816830745762616,-24.29329833047572
labuhan,997.84,86,1010.92,1010.92,23.25,23.25,23.25,116.402,,1.1,-21.621763473283252,92.97199243323041
shenjiamen,1017.37,83,1019.67,1019.67,22.15,22.15,22.15,318.77,,6.4,31.225612911101337,123.69953828242541
sterling,,77,1022.0,,22.3,24.44,20.0,190.0,,3.1,40.28171689953149,-102.08486146880264
kirensk,956.33,95,1006.51,1006.51,5.65,5.65,5.65,238.386,,4.37,57.02545474195631,108.13994368722518
mackay,,67,997.0,,4.5,5.0,4.0,50.0,,1.5,-18.45466348524907,151.7861135531718
punta de piedra,992.73,86,1013.55,1013.55,27.55,27.55,27.55,112.417,,1.28,16.534117599288777,-85.19852416341986
tateyama,,73,1011.0,,19.53,21.11,17.78,232.0,2.24,1.34,26.920021170820192,142.61971001967407
vila,,46,1014.0,,20.82,22.22,18.33,240.0,,2.6,-16.236983917995914,171.5914118630485
solnechnyy,978.97,75,1008.71,1008.71,8.15,8.15,8.15,174.156,,1.8,62.020214419047505,139.11726275838714
uthal,1001.85,31,1013.96,1013.96,32.65,32.65,32.65,97.038,,6.43,25.263276196241733,66.32112633259581
smithers,,80,1002.0,,5.0,5.0,5.0,360.0,,2.6,57.56549555106082,-127.13078788824733
bagdarin,876.93,67,1017.81,1017.81,-3.86,-3.86,-3.86,261.218,,1.23,54.4450660983056,112.99539663253483
vostok,961.58,78,1011.45,1011.45,5.95,5.95,5.95,138.48,,2.39,53.62129656941508,149.016676856481
saint-francois,,71,1021.0,,13.62,14.0,13.33,330.0,,3.1,17.41323715195894,-58.16184996259692
nome,,83,1017.0,,25.99,27.22,25.0,10.0,,2.1,61.263193417394035,-167.62089150328543
awjilah,997.77,20,1008.84,1008.84,30.35,30.35,30.35,312.947,,2.07,28.937416495554473,19.672538571008516
dingzhou,,82,1018.0,,15.0,15.0,15.0,210.0,,1.0,38.97672688565601,114.05216657012
buraydah,,25,1011.0,,37.0,37.0,37.0,360.0,,2.6,26.106804007008193,41.23450035345061
salisbury,,93,1012.0,,14.12,15.0,13.0,200.0,,6.2,37.948961004067726,-74.66529884320248
xining,720.93,86,1021.08,1021.08,4.45,4.45,4.45,350.609,,1.33,34.464909773023024,98.11425650406557
tazovskiy,1014.38,95,1015.95,1015.95,1.45,1.45,1.45,270.104,,6.62,70.61397163672024,77.30984245239875
saint-augustin,,87,1018.0,,12.03,13.0,11.11,210.0,,3.1,50.807166107227346,-59.217798478764635
beaverlodge,,70,993.0,,9.0,9.0,9.0,210.0,12.3,9.3,53.82253670810448,-120.62738637759504
berlevag,,75,1020.0,,3.03,4.0,2.0,350.0,,3.1,83.13845070325752,32.53758176673131
nador,,39,1016.0,,29.51,30.0,29.0,90.0,,2.6,33.41330946304139,-1.409838425185228
beringovskiy,977.47,90,994.36,994.36,1.35,1.35,1.35,150.16,,2.18,56.80370992950242,176.75252780857488
pangnirtung,,77,997.0,,1.0,1.0,1.0,,,1.0,65.23101313910689,-66.66462772313999
flinders,,100,1011.0,,16.7,18.33,14.44,287.371,,1.38,-32.265151787838704,133.63093388185393
spermezeu,,65,1017.0,,11.04,11.11,11.0,260.0,,3.6,47.33519050789286,24.096458727177065
evensk,985.73,55,1008.4,1008.4,-4.46,-4.46,-4.46,319.705,,5.13,61.504164469301855,158.0349061161507
ambilobe,1009.63,53,1014.42,1014.42,27.45,27.45,27.45,99.655,,7.08,-9.65008915823401,52.42594979395528
vardo,,88,1020.0,,19.83,22.22,17.78,160.0,,4.1,75.87233042039747,34.54613650288644
itarema,1007.65,46,1011.79,1011.79,32.25,32.25,32.25,82.452,,6.94,1.9893410131438003,-39.197345470849655
mezen,1013.04,89,1016.61,1016.61,-0.16,-0.16,-0.16,62.685,,4.82,69.219693569697,46.68002025801056
tamasopo,894.11,70,1017.98,1017.98,23.05,23.05,23.05,21.381,,0.23,22.023525434435072,-99.40472403612199
pyshma,1004.8,78,1019.3,1019.3,9.25,9.25,9.25,149.175,,3.48,57.00212762872431,63.24658182155903
okha,1008.93,78,1010.04,1010.04,8.75,8.75,8.75,210.47,,5.56,54.32736104324516,144.04595109316307
aksu,,66,1020.0,,12.0,12.0,12.0,40.0,,3.0,40.30271135931167,81.22862662659827
aketi,948.45,60,1004.39,1004.39,28.05,28.05,28.05,43.958,,1.13,2.618028375441199,23.821479220180635
bongandanga,961.87,92,1005.76,1005.76,25.15,25.15,25.15,260.34,,0.52,0.7899032719672618,20.384189673885203
antofagasta,,59,1016.0,,17.0,17.0,17.0,320.0,,2.1,-23.688064376338133,-74.20457136884934
novosokolniki,991.1,79,1012.52,1012.52,1.15,1.15,1.15,311.884,,1.37,56.45823410493011,29.95381151973831
mahebourg,,73,1021.0,,23.94,24.0,23.89,110.0,11.8,5.7,-41.220829316394436,81.31592382112939
aklavik,,92,1013.0,,-2.0,-2.0,-2.0,310.0,12.9,6.7,79.83554580571735,-142.82061199064108
ambon,,100,1018.0,,15.4,16.67,14.0,200.0,,4.6,-4.343791640014871,128.4528711160254
machilipatnam,,83,1010.0,,27.0,27.0,27.0,164.883,,1.85,16.129097733860092,81.07361518156074
baherden,905.04,23,1012.71,1012.71,19.25,19.25,19.25,287.371,,1.38,39.93735583397296,57.318161665601906
kilembe,890.72,58,1007.62,1007.62,25.55,25.55,25.55,74.994,,2.36,-0.04815354992099685,30.203352842706124
mandalgovi,864.67,62,1028.33,1028.33,3.35,3.35,3.35,219.588,,1.28,44.374799139633666,104.54587273004006
stephenville,,93,1020.0,,10.69,11.0,10.56,210.0,,8.2,32.48915934189874,-98.2666181664918
waipawa,,86,1019.0,,11.11,11.11,11.11,202.0,4.47,1.79,-45.62294075786275,179.37035740355935
brainerd,,81,1021.0,,7.92,10.0,6.0,270.0,,1.5,46.15690634153347,-93.77547029340381
hauterive,,93,1014.0,,13.63,15.0,11.0,230.0,,3.1,50.24812579691567,-68.73622087656082
bonthe,1008.73,77,1009.35,1009.35,27.45,27.45,27.45,211.304,,3.5,1.8863439586114197,-17.546498129772232
storforshei,,70,1016.0,,7.0,7.0,7.0,350.0,,1.5,66.70909334862813,14.5366802613799
adrar,,7,1011.0,,36.0,36.0,36.0,20.0,,5.1,30.622790239150703,-2.0842204642690376
helmond,,87,1016.0,,12.63,14.0,11.0,190.0,,2.6,51.54107361067366,5.720270489398416
boende,965.49,97,1006.58,1006.58,23.55,23.55,23.55,266.446,,1.42,-0.4384771042017519,21.224605552911214
kristiansand,,69,1022.0,,24.92,26.67,23.0,140.0,,3.1,57.75849052242074,8.251901613840602
dukat,,89,1011.0,,13.33,13.33,13.33,91.748,,2.88,61.456168338968695,154.77299019206748
dingle,994.69,89,1010.31,1010.31,23.75,23.75,23.75,351.259,,2.74,47.57129439500753,-16.526086505699027
yuncheng,970.94,72,1024.3,1024.3,15.35,15.35,15.35,240.378,,3.01,35.62271688090901,110.28333385811061
karacakoy,,72,1013.0,,17.71,19.0,16.0,10.0,,7.2,41.504479877513575,28.189563064759398
belyy yar,,93,1021.0,,6.0,6.0,6.0,270.0,,1.0,61.20132655847769,85.85082574230228
hofn,,87,978.0,,10.0,10.0,10.0,90.0,15.4,10.3,59.56304319073783,-13.968774683347846
mirnyy,991.71,78,1009.6,1009.6,1.85,1.85,1.85,282.694,,2.79,61.50375758631478,113.65369347669122
bambanglipuro,1012.3,88,1013.0,1013.0,24.75,24.75,24.75,122.248,,2.23,-8.275907961587649,110.27021587584403
dunda,876.48,71,1016.68,1016.68,17.55,17.55,17.55,49.702,,2.34,-7.72149305350699,34.09689400807531
axim,1006.57,79,1008.63,1008.63,26.25,26.25,26.25,231.489,,7.69,1.1806183204432585,-3.199921024960105
durban,959.98,70,1008.51,1008.51,8.05,8.05,8.05,219.752,,5.19,-30.277292492892357,32.07221692695455
panguna,1007.97,82,1007.95,1007.95,27.75,27.75,27.75,119.621,,6.65,-5.397896834159965,154.75078624062206
chara,,100,1009.0,,15.45,16.0,15.0,300.0,,3.1,59.34889230694532,118.17133407440838
ino,928.22,98,1014.59,1014.59,16.05,16.05,16.05,150.572,,1.59,33.483779108985175,133.63131640679177
kamenka,,58,1017.0,,6.11,6.11,6.11,158.0,1.79,0.89,70.90053292911068,44.97709114360103
cocorit,,78,1009.0,,23.0,23.0,23.0,120.0,,1.5,28.47982978028554,-110.05938437779818
codrington,,83,1010.0,,21.99,25.0,20.0,10.0,,4.6,24.490982965284275,-52.627919676613516
xichang,766.48,95,1020.29,1020.29,11.65,11.65,11.65,229.899,,1.07,28.520945136180032,100.03086994811412
mogadishu,,69,1008.0,,27.0,27.0,27.0,190.0,,7.2,1.0998588770447242,49.55812432245398
arandis,,87,1014.0,,17.22,17.22,17.22,248.0,1.34,2.68,-22.155346458038537,14.89929799549165
ovalle,982.62,21,1017.27,1017.27,28.05,28.05,28.05,189.838,,5.37,-30.992384311911493,-73.52730755989303
nagato,,73,1013.0,,23.82,25.0,22.22,200.0,,4.1,34.412432906674084,131.27314374337823
mariinsk,1003.55,86,1021.97,1021.97,10.25,10.25,10.25,307.539,,1.66,56.2860990844714,87.65424990121784
sebrovo,,75,1005.0,,5.56,5.56,5.56,283.0,6.26,3.13,50.105524820209894,43.365455099752694
bulgan,858.77,74,1025.92,1025.92,3.55,3.55,3.55,201.851,,1.93,46.896707697217806,102.75381342712598
tooele,,74,1026.0,,5.16,8.33,1.0,180.0,,2.1,39.38948525255634,-113.2460642786875
komsomolskiy,999.2,88,1020.93,1020.93,-0.26,-0.26,-0.26,247.841,,3.15,78.08664904240004,174.31795294268989
tual,1010.56,85,1010.58,1010.58,26.35,26.35,26.35,126.874,,8.98,-5.505294861135766,134.60175408856549
champerico,,94,1014.0,,23.0,23.0,23.0,260.0,,1.0,11.490584972114249,-92.3015306423085
crateus,960.19,29,1010.77,1010.77,34.85,34.85,34.85,111.728,,3.75,-5.323728548253172,-40.67262397898256
umm lajj,1006.83,81,1006.9,1006.9,29.05,29.05,29.05,328.037,,3.43,23.318992845035254,36.911010573162116
bafoulabe,989.92,41,1007.51,1007.51,33.85,33.85,33.85,10.884,,2.56,13.618000299198016,-11.18974166106861
carutapera,1010.72,60,1011.79,1011.79,30.35,30.35,30.35,72.795,,5.11,5.7885484632804065,-41.57773967744262
caborca,,78,1013.0,,18.33,18.33,18.33,310.483,,0.94,29.953258048914876,-113.2669194619851
roald,,70,1013.0,,6.53,8.0,4.44,110.0,,1.5,74.77705701222382,0.33152761369146333
heishan,1000.45,27,1020.44,1020.44,9.15,9.15,9.15,339.692,,8.12,42.25519320619122,122.21265418624773
gravdal,,61,1015.0,,8.63,9.0,8.0,150.0,,4.6,69.10555245430643,12.669171890647533
polyarnyy,,86,1017.0,,3.0,3.0,3.0,60.0,,3.0,69.56210403440366,33.965989982398185
teya,,83,1011.0,,28.45,31.11,26.0,154.078,,0.88,61.457227498239575,90.06323331324091
nishihara,,100,1017.0,,18.56,20.56,17.0,330.0,,5.1,22.12705391500468,131.11539820010694
port hardy,,93,1009.0,,12.0,12.0,12.0,200.0,,3.1,42.50714320577032,-139.46341033919248
pilar,,53,1015.0,,21.35,22.78,20.0,270.0,13.9,7.7,10.419841302568997,127.94154779610534
lasa,,61,1011.0,,25.0,26.0,22.78,260.0,,3.6,28.998989217831976,91.18633173272121
villamaria,,88,1021.0,,17.0,17.0,17.0,350.0,,2.1,5.002072356227629,-75.3564568648001
tripoli,,88,1005.0,,19.49,21.67,16.67,140.823,,2.82,34.499306987838,12.791399694298775
miraflores,,4,1027.0,,18.0,18.0,18.0,260.0,,3.6,1.3828342396122935,-71.62989587371244
itacare,1010.35,87,1015.98,1015.98,24.35,24.35,24.35,73.619,,3.94,-14.3409792826658,-36.904228092972716
goya,1012.22,52,1016.42,1016.42,24.15,24.15,24.15,1.48,,3.21,-28.875739723049172,-58.70800114142155
kitimat,,75,1004.0,,7.0,7.0,7.0,220.0,,4.6,53.54507824638105,-129.46629346614782
svetlogorsk,,32,1016.0,,13.0,13.0,13.0,110.0,,4.0,67.74764865553954,92.48824040976729
ostrovnoy,1001.65,89,1018.97,1018.97,-0.16,-0.16,-0.16,159.094,,1.91,76.29533247228721,39.312550731046
shanghai,,77,1021.0,,19.13,20.0,18.33,340.0,,5.0,30.754418628666485,121.33362209100886
saint-joseph,,38,1011.0,,22.91,26.0,20.56,180.0,,4.1,-30.689486107665992,55.52726949788726
nivala,,85,1011.0,,3.33,3.33,3.33,96.0,1.34,0.45,63.61449274477553,24.87461729366666
ihosy,904.83,64,1016.52,1016.52,19.35,19.35,19.35,101.609,,5.9,-23.420294875196035,46.263721331730494
zhigansk,989.73,96,1003.77,1003.77,-1.86,-1.86,-1.86,144.667,,8.44,68.69286887920663,126.59387037686895
puri,999.74,79,1012.19,1012.19,22.95,22.95,22.95,176.495,,2.99,14.979300623271783,88.38611183219507
gondar,,60,1021.0,,23.28,26.67,21.0,250.0,,3.6,12.545206146853872,36.843848191321285
lyudinovo,986.93,74,1012.79,1012.79,1.25,1.25,1.25,262.598,,2.24,53.775231736149436,34.5362137524196
kysyl-syr,984.16,98,1003.06,1003.06,-2.16,-2.16,-2.16,240.921,,1.62,63.06119312722049,123.64986173165403
ochakiv,,81,1016.0,,7.9,9.0,7.0,10.0,,5.0,46.40481902359326,31.45906185395333
usinsk,1011.29,89,1020.12,1020.12,-0.16,-0.16,-0.16,66.207,,4.24,66.3268169016757,58.21241808108641
sfantu gheorghe,,71,1017.0,,11.78,13.33,11.0,80.0,,3.6,44.23202738358353,30.541609294470305
murgab,,30,1010.0,,27.0,27.0,27.0,100.0,,1.0,36.531433345449514,62.48777647062025
santa rosa,992.38,21,1017.47,1017.47,19.55,19.55,19.55,210.505,,8.11,-37.224496303397416,-66.11906707983623
yumen,859.57,23,1018.84,1018.84,13.45,13.45,13.45,85.884,,11.31,42.26312066311269,96.64591102963266
morehead,,93,1023.0,,11.86,12.0,11.67,360.0,,3.6,-11.007964598129035,140.83715305144455
xingyi,802.8,92,1018.82,1018.82,12.15,12.15,12.15,106.33,,1.02,24.43895308046676,105.24693371926827
ahmadnagar,931.41,71,1011.99,1011.99,25.35,25.35,25.35,34.202,,3.88,19.11737745802418,74.76559549921188
harnosand,,61,1015.0,,8.3,9.0,7.0,270.0,,1.5,62.646156069079325,17.628077224479142
margate,,66,1008.0,,9.65,11.0,7.22,310.0,,3.6,-42.32827474031838,40.67157656679811
nuuk,,60,1003.0,,3.95,4.0,3.89,,,0.5,64.28312117743229,-51.76663380305425
bafra,,63,1013.0,,19.0,19.0,19.0,100.0,,2.6,43.07108717239879,36.48942156956926
nambucca heads,,93,1010.0,,17.32,18.33,16.11,230.0,,0.5,-30.934586936017602,153.77500922255422
harper,,82,1024.0,,15.61,17.78,12.78,340.0,,4.1,-1.4910088326046207,-7.4170734462480254
changli,971.6,78,1021.07,1021.07,17.45,17.45,17.45,21.086,,1.62,38.84922198723936,119.28995782777196
anantapur,960.0,69,1011.09,1011.09,27.85,27.85,27.85,6.649,,0.72,14.917513097383207,77.58421323226742
half moon bay,,72,1015.0,,14.4,17.78,11.11,88.993,,0.68,31.071970653753482,-135.51728709387262
tura,962.43,95,1010.21,1010.21,-4.26,-4.26,-4.26,348.743,,5.72,64.58389855479186,101.06539964308399
nanakuli,,88,1012.0,,23.05,24.0,21.0,320.0,,2.1,20.466387733855413,-159.30996234691222
lahstedt,,46,1019.0,,12.42,13.33,11.67,,,2.1,52.20519370316296,10.175780250471263
manggar,1007.81,95,1010.69,1010.69,23.65,23.65,23.65,67.26,,1.07,-2.071492948580371,108.36970657754972
tezu,960.51,94,1017.08,1017.08,20.75,20.75,20.75,30.454,,2.33,27.39278843129091,97.29728208400087
okato,,93,1021.0,,9.44,9.44,9.44,317.0,4.02,2.24,-38.488942299698394,171.71719685616318
hrubieszow,991.39,67,1018.68,1018.68,6.45,6.45,6.45,275.904,,3.03,50.811936433129745,23.92381785457627
uyemskiy,,80,1013.0,,2.0,2.0,2.0,70.0,,5.0,65.56743796462504,41.50728748676582
greytown,882.13,23,1005.16,1005.16,28.65,28.65,28.65,11.324,,2.46,-28.947828747022754,30.257429610199182
ambatondrazaka,899.66,74,1018.86,1018.86,18.45,18.45,18.45,118.186,,4.63,-17.590794169575133,48.4759635552594
vila franca do campo,,88,1022.0,,22.85,24.0,21.67,290.0,,3.1,34.163400156656195,-21.900360138975827
erzin,,69,1010.0,,26.59,28.0,25.56,190.0,,4.6,46.84733787251426,95.6029995673747
wewak,993.73,86,1008.87,1008.87,26.35,26.35,26.35,71.129,,2.2,-1.6951323098873132,144.8025094425451
yeppoon,,60,1015.0,,22.0,22.0,22.0,360.0,,3.6,-18.115115198098295,155.16888943648485
harrogate,,66,1020.0,,10.71,12.22,7.78,230.0,,10.3,53.953943556166365,-1.5845093934422607
kyshtovka,1010.41,77,1023.44,1023.44,9.45,9.45,9.45,295.143,,1.68,57.3053531389084,76.95069754407126
gunzburg,,58,1018.0,,12.23,14.44,10.0,240.0,,3.1,48.514555403633636,10.207467430605988
waingapu,980.78,74,1012.54,1012.54,22.25,22.25,22.25,118.132,,3.16,-12.196859312003511,118.81394593995634
constitucion,,81,1026.0,,14.77,17.78,12.0,62.827,,5.94,19.956804847811753,-119.39615663055042
tehachapi,,20,1020.0,,11.4,19.0,6.0,92.308,,2.19,35.539403338660634,-118.34768631935532
krasnokamensk,931.95,39,1020.02,1020.02,0.45,0.45,0.45,296.595,,6.06,54.65171111879769,92.99227671983061
sao felix do xingu,981.52,33,1010.97,1010.97,39.05,39.05,39.05,48.71,,0.78,-8.190178232466323,-52.07239626026285
rio brilhante,969.98,34,1015.11,1015.11,30.15,30.15,30.15,110.377,,1.69,-21.694285587149437,-54.22696464891176
oranjemund,1016.3,84,1016.09,1016.09,15.15,15.15,15.15,181.754,,7.09,-28.759827685505414,16.02696487733283
fort walton beach,,69,1016.0,,26.22,28.33,24.0,90.0,,4.1,29.78402282955315,-86.89511877787777
fairbanks,,100,1023.0,,-1.48,0.0,-2.78,242.551,,1.71,68.60812238913135,-142.0989423797335
shelburne,,71,1017.0,,14.04,16.67,12.78,230.0,,5.1,41.00304965263061,-63.75567537767016
egvekinot,941.89,96,1003.9,1003.9,-4.36,-4.36,-4.36,52.222,,3.77,60.95516830432442,-179.18701573166587
shache,879.93,30,1017.72,1017.72,18.75,18.75,18.75,210.005,,1.83,37.30260528631317,77.08210356409143
diffa,969.57,29,1004.91,1004.91,35.95,35.95,35.95,80.074,,5.87,12.578131707661882,12.772641139288197
verkhoyansk,978.65,55,1012.94,1012.94,-6.76,-6.76,-6.76,53.805,,1.71,70.28559548845169,132.16097845715626
kangaatsiaq,1003.61,64,1004.12,1004.12,0.75,0.75,0.75,99.167,,4.95,68.94732776233633,-56.76851349737569
ulaangom,906.8,61,1023.29,1023.29,5.35,5.35,5.35,284.547,,0.84,47.683048977353394,92.95195049985256
chifeng,911.05,37,1026.13,1026.13,2.85,2.85,2.85,329.818,,4.41,43.41333456183048,119.93037931119977
leh,584.83,44,1024.43,1024.43,0.75,0.75,0.75,226.892,,2.76,33.84896904954776,77.63428740199896
santa barbara,,75,1016.0,,12.28,17.22,7.0,14.897,,0.32,26.668510849839976,-105.8044287423488
masallatah,974.49,17,1005.1,1005.1,29.75,29.75,29.75,309.352,,5.07,33.796169174227515,14.074642113974221
kumbo,859.2,73,1006.96,1006.96,22.35,22.35,22.35,230.645,,0.93,6.520026812119738,10.932532657537791
tabou,1006.51,74,1009.3,1009.3,27.35,27.35,27.35,190.547,,4.46,0.9299386982441291,-6.616935474398559
masuguru,974.13,49,1010.48,1010.48,28.55,28.55,28.55,64.313,,4.64,-11.697538253075038,38.94390732220245
manta,969.98,63,1015.37,1015.37,10.45,10.45,10.45,148.882,,3.26,0.5818210494828548,-84.65300402742821
tazmalt,,88,1014.0,,20.0,20.0,20.0,210.0,,2.6,36.13150036248652,4.821703550982676
kjollefjord,,80,1020.0,,4.0,4.0,4.0,100.0,,5.7,74.18415770069126,26.871024781265703
hailar,940.57,44,1018.67,1018.67,1.75,1.75,1.75,316.237,,6.39,48.39176344694707,118.93929099963412
macherla,969.18,78,1010.56,1010.56,25.35,25.35,25.35,197.789,,1.04,16.69659786549478,79.59540969167125
guye,1007.76,37,1021.29,1021.29,15.35,15.35,15.35,354.642,,5.54,39.859306245079466,118.2945765901083
luwuk,882.35,98,1011.64,1011.64,17.15,17.15,17.15,180.445,,2.19,-1.696931959761642,122.66210468397406
ust-karsk,929.68,59,1016.53,1016.53,-2.16,-2.16,-2.16,236.01,,1.59,52.82897083488206,118.12235860817071
port-cartier,,87,1013.0,,10.38,11.11,10.0,160.0,,1.0,55.55264341752613,-68.84380187034844
krasnogorsk,,80,1009.0,,2.78,4.0,1.67,280.0,,5.0,48.24080559231709,142.18934498407873
betafo,865.85,52,1016.49,1016.49,20.75,20.75,20.75,126.879,,3.98,-19.702319260514557,46.6452534124208
zaysan,920.27,27,1017.7,1017.7,13.05,13.05,13.05,212.569,,3.19,47.2760236993598,85.64563670480271
bukachacha,907.37,56,1017.43,1017.43,-2.26,-2.26,-2.26,288.614,,1.92,54.203106146353605,116.33996458070618
saint-gaudens,,49,1021.0,,20.37,22.78,19.44,220.0,,2.1,43.08961070844933,0.47632341431156533
prince rupert,,75,1006.0,,8.0,8.0,8.0,280.0,11.8,6.2,51.604734320548204,-132.92156076457965
honningsvag,1016.25,76,1020.16,1020.16,5.75,5.75,5.75,131.288,,6.5,72.4729615221747,25.615116815249934
bundaberg,,88,1014.0,,22.0,22.0,22.0,350.0,,5.7,-24.253599726698894,152.93450527923358
carnarvon,869.29,21,1013.03,1013.03,20.75,20.75,20.75,242.084,,6.81,-25.786440035845885,115.27402634011622
bath,,93,1011.0,,14.58,16.11,13.33,210.0,,5.7,43.6683382099292,-69.81357720788465
kawardha,939.21,85,1011.5,1011.5,21.55,21.55,21.55,354.638,,2.32,21.999758585667863,81.4271023999371
sao jose da coroa grande,1003.65,60,1014.78,1014.78,28.75,28.75,28.75,89.887,,6.08,-12.438294515708307,-25.99037698155928
aswan,973.37,16,1005.22,1005.22,37.45,37.45,37.45,330.954,,4.36,24.003542060282,31.210720149554845
urusha,945.89,73,1014.04,1014.04,-2.36,-2.36,-2.36,299.791,,2.44,52.54399392187378,123.02891253890976
cabra,,17,1015.0,,30.89,33.33,28.33,90.0,,1.0,14.030137788562172,116.91419851500024
san policarpo,1008.88,85,1009.73,1009.73,26.35,26.35,26.35,343.799,,2.93,13.033557401730775,129.2356275194955
road town,,74,1016.0,,30.5,32.0,29.44,100.0,,4.6,20.385570288832653,-64.54087147411131
darhan,907.17,70,1027.01,1027.01,4.15,4.15,4.15,216.141,,3.08,46.34747978434598,109.08089197227542
makakilo city,,78,1012.0,,23.05,24.0,21.0,70.0,,1.5,6.450914420269015,-167.3046236778946
jiexiu,901.25,38,1024.23,1024.23,11.35,11.35,11.35,309.765,,2.36,37.27424805180216,111.46445585384782
sao joao da barra,,58,1016.0,,29.0,29.0,29.0,200.0,,1.0,-29.46764923423933,-28.532761824093512
caidian,,68,1023.0,,18.0,18.0,18.0,30.0,,2.0,30.830750863587056,114.11969360844859
peleduy,952.37,98,1001.38,1001.38,-0.06,-0.06,-0.06,180.264,,3.69,59.705706568682956,113.18440845851006
solhan,,35,1016.0,,22.0,22.0,22.0,220.0,,6.2,38.56522367450424,40.98442078654986
nara,,73,1014.0,,20.85,24.0,16.67,180.0,,6.7,17.001996404664965,-7.4822324652150485
arlit,958.78,10,1004.5,1004.5,39.95,39.95,39.95,40.814,,3.19,17.74541872865524,6.1135034303988505
harrisonville,,76,1026.0,,13.03,15.0,10.0,270.0,,1.5,38.56491096026858,-94.5664801453288
mersing,1001.07,92,1010.74,1010.74,23.85,23.85,23.85,261.883,,0.62,3.9653580547774396,106.71774119100075
panaba,1010.0,61,1010.63,1010.63,30.55,30.55,30.55,265.055,,1.02,24.649306384450185,-87.69925843473165
morgan city,,78,1017.0,,27.09,28.33,26.0,40.0,,2.1,28.644101353367475,-91.46189596418711
cumaru,962.25,45,1013.74,1013.74,29.25,29.25,29.25,99.199,,5.55,-8.094109072284596,-35.72518544055961
tramore,,87,1008.0,,16.38,17.22,15.56,250.0,,6.7,51.3982833867762,-7.249252219731034
clovis,,71,1016.0,,13.84,18.33,10.0,239.33,,0.37,34.60274397495533,-103.13476738274862
borisovka,,86,1014.0,,5.0,5.0,5.0,190.0,,2.0,50.52180110648777,35.98154275178118
hammerfest,,86,1019.0,,5.28,6.0,4.0,110.0,,4.1,71.50080325771958,23.91720508284007
daru,1007.89,91,1010.23,1010.23,23.65,23.65,23.65,128.951,,3.32,-10.183020351863405,142.0166530895101
ati,969.29,35,1005.55,1005.55,34.85,34.85,34.85,150.924,,1.82,15.213087169621787,17.938844375757697
kasulu,,40,1011.0,,30.0,30.0,30.0,270.0,,6.2,-4.422609326830823,30.02814915317248
kimbe,995.47,91,1009.04,1009.04,23.35,23.35,23.35,157.875,,1.28,-4.219603597449762,149.56798878038336
hope,,87,1022.0,,14.48,16.11,13.89,40.0,,4.6,49.29927978859948,-120.98025112728745
te anau,954.88,89,1009.02,1009.02,7.45,7.45,7.45,291.244,,1.41,-43.9527561029477,163.4727583141036
bowen,,93,1016.0,,18.17,18.33,18.0,310.0,,0.5,-19.21372996027064,149.24988078026655
rio grande,,60,1018.0,,21.97,23.0,21.11,60.0,,5.1,-37.185040262434605,-45.98271631998128
saint-georges,,95,1017.0,,10.38,11.11,10.0,188.244,,2.21,6.701143877763599,-46.24021231244541
irbeyskoye,983.34,92,1019.86,1019.86,9.65,9.65,9.65,248.43,,4.32,54.476445976712256,96.25760357466089
maryborough,1005.92,97,1013.28,1013.28,17.25,17.25,17.25,354.904,,1.32,-37.331356686222016,143.66414074470862
